(1209, 1280);1
(710, 1262);1
(1536, 2048);4
(4032, 3024);5
(448, 800);1
(3036, 4048);1
(2048, 2048);4
(3024, 4032);23
(2808, 3635);1
(1936, 1936);1
(3264, 2448);1
(1504, 2016);1
(1537, 2214);1
(3673, 1653);1
(1665, 2048);1
(960, 640);1
(2782, 3709);1
(1080, 1350);3
(720, 620);1
(756, 1008);2
(1242, 1753);1
(640, 853);1
(1920, 1080);1
(3000, 2250);1
(3024, 3024);2
(960, 952);1
(728, 546);1
(1080, 1080);5
(2896, 2896);1
(1080, 629);1
(2592, 1944);1
(747, 1167);1
(650, 485);1
(1080, 1440);2
(3730, 4663);1
(1000, 635);1
(1380, 1932);1
(562, 750);1
(2800, 5633);1
(670, 556);1
(750, 736);1
(828, 1209);1
(3021, 3024);1
(2048, 1536);2
(1080, 1077);1
(728, 874);1
(828, 438);1
(2304, 3072);1
(4167, 3198);1
(720, 1280);1
(4000, 4000);1
(675, 1200);1
(1440, 1000);1
(600, 450);1
(750, 496);1
(720, 960);4
(720, 1290);1
(1920, 1920);1
(661, 684);1
(552, 944);1
(1960, 1947);1
(669, 960);1
(3120, 4160);2
(700, 1209);1
(1024, 1024);1
(1200, 1600);2
(1059, 1084);1
(1125, 1021);1
(984, 1198);1
(2250, 3000);2
(1372, 1372);1
(3024, 3186);1
(595, 462);1
(960, 720);1
(3500, 2333);1
(682, 677);1
(828, 1472);1
(970, 838);1
(1080, 1920);1
(1241, 1241);1
(800, 800);1
(1512, 2015);1
(3968, 2976);1
(2448, 3264);1
(1927, 2575);1
(700, 525);1
(634, 771);1
(714, 960);1
(3648, 2736);1
(768, 960);1
(856, 1600);1
(5240, 4769);1
(1080, 1131);1
(2048, 1365);1
(640, 852);1
(700, 708);1
(713, 591);1
(1440, 2880);1
(1200, 630);1
(1242, 1242);1
(714, 582);1
(976, 976);1
(1900, 2046);1
(892, 1334);1
(1772, 1772);1
(2880, 2160);1
(2400, 2400);1
(960, 1280);1
(3087, 4630);1
(2268, 4032);1
(639, 848);1
(2095, 2619);1
(720, 900);1
(972, 972);1
(1125, 1107);1
(1458, 1577);1
(1440, 960);1
(828, 466);1
(916, 1142);1
(1440, 1440);1
(2443, 2443);1
(2279, 2159);1
(828, 815);1
(945, 1691);1
(2048, 1537);1
(564, 564);1
(1478, 1139);1
(1176, 574);1
(1680, 2048);1
(1080, 1153);1
(1242, 1635);1
(2901, 2048);1
(1129, 1413);1
(417, 634);1
